{"name":"t:sections.header.name","type":"header","sections":{"announcement-bar":{"type":"announcement-bar","blocks":{"announcement-bar-0":{"type":"announcement","settings":{"text":"WELCOME TO OUR STORE!","text_alignment":"center","color_scheme":"accent-1","link":""}}},"block_order":["announcement-bar-0"],"disabled":true,"settings":{}},"2c2ec774-3430-481f-b927-e9c035b9d24e":{"type":"horizontal-ticker","blocks":{"sections--18060430639399__2c2ec774-3430-481f-b927-e9c035b9d24e-1679250655d32e639c-1":{"type":"text","settings":{"title":"FREE SHIPPING!"}},"text_TUXmcm":{"type":"text","settings":{"title":"50% OFF - TODAY ONLY!"}}},"block_order":["sections--18060430639399__2c2ec774-3430-481f-b927-e9c035b9d24e-1679250655d32e639c-1","text_TUXmcm"],"settings":{"speed":2,"text_spacing":4,"text_size":"1.75","italic_text":false,"uppercase_text":false,"bold_text":true,"color_scheme":"accent-1","padding_top":16,"padding_bottom":16}},"header":{"type":"header","settings":{"sticky_header_type":"always","show_line_separator":true,"color_scheme":"background-1","logo_position":"top-left","menu":"main-menu","highlight_active_link":true,"highlighted_link_color_scheme":"accent-1","mobile_menu_title":"Menu","secondary_menu":"footer","menu_color_scheme":"background-1","mobile_logo_position":"center","margin_bottom":0,"padding_top":20,"padding_bottom":20}}},"order":["announcement-bar","2c2ec774-3430-481f-b927-e9c035b9d24e","header"]}