{"sections":{"main-collection-banner":{"type":"main-collection-banner","settings":{"show_collection_description":true,"show_collection_image":true,"color_scheme":"background-1"}},"main-collection-product-grid":{"type":"main-collection-product-grid","settings":{"products_per_page":20,"columns_desktop":4,"image_ratio":"adapt","show_secondary_image":true,"show_vendor":false,"show_rating":false,"enable_quick_add":true,"enable_filtering":true,"filter_type":"horizontal","enable_sorting":true,"columns_mobile":"2","padding_top":0,"padding_bottom":0}}},"order":["main-collection-banner","main-collection-product-grid"]}