{"sections":{"main":{"type":"main-product","blocks":{"c5728eab-5b1d-44e7-8e74-220cfef92c9b":{"type":"urgency","settings":{"urgency":"HOT PRODUCT : LAST UNITS","color_scheme":"background-2"}},"title":{"type":"title","settings":{"text_size":"h2","title_alignment":"left","uppercase_title":false}},"price":{"type":"price","settings":{"layout":"price_first"}},"de244682-4323-4802-b4ba-b79b08e0c71d":{"type":"emoji_benefits","settings":{"benefits":"<p>🙌 Benefit<\/p><p>💪 Benefit<\/p><p>🌟 Benefit<\/p>"}},"44f9cdc2-f4bf-466e-87d5-fb765ad4864a":{"type":"variant_picker","settings":{"picker_type":"button","enable_color_swatches":false,"custom_swatch_option_name":"","enable_swatches_custom_colors":false}},"074f248d-8d73-4c8f-a97e-d8e82c5be5fc":{"type":"quantity_selector","settings":{"enable_quantity_discounts":true,"headline":"ORDER & SAVE","preselected":"option_2","display_badge":"option_2","badge_text":"Popular","enable_variant_selectors":true,"option_1_quantity":1,"option_1_label":"RECEIVE 1","option_1_benefit":"","option_1_caption":"","option_1_discount_type":"none","option_1_percentage_off":0,"option_1_fixed_amount_off":"0","option_2_quantity":2,"option_2_label":"RECEIVES 2","option_2_benefit":"You save 'X'","option_2_caption":"","option_2_discount_type":"fixed_amount","option_2_percentage_off":0,"option_2_fixed_amount_off":"4.99","option_3_quantity":3,"option_3_label":"RECEIVES 3","option_3_benefit":"You save 'X'","option_3_caption":"","option_3_discount_type":"fixed_amount","option_3_percentage_off":0,"option_3_fixed_amount_off":"9.98","option_4_quantity":0,"option_4_label":"","option_4_benefit":"","option_4_caption":"You save [amount]","option_4_discount_type":"none","option_4_percentage_off":0,"option_4_fixed_amount_off":"0"}},"buy_buttons":{"type":"buy_buttons","settings":{"show_dynamic_checkout":true,"skip_cart":false,"uppercase_text":true}},"d505cdfe-d5cf-4aff-8e9e-abca6dae66eb":{"type":"sticky_atc","settings":{"display_when":"always","button_label":"ADD TO CART","show_price":true,"show_price_badge":true,"color_scheme":"background-1"}},"98db29ee-a7dc-429e-8129-bf71131627da":{"type":"payment_badges","settings":{}},"2edbf491-d07c-4718-b71e-18ffe22ab7dc":{"type":"estimated_shipping","settings":{"display_icon":true,"icon_size":"small","icon_alignment":"top","message":"<p>Receive it between <strong>[start_date]<\/strong> y <strong>[end_date]<\/strong>.<\/p>","min_shipping_days":4,"max_shipping_days":10,"date_format":"mm_dd","days_labels":"Monday, Tuesday, Wednesday, Thursday, Thursday, Friday, Saturday, Sunday","months_labels":"January, February, March, April, May, June, June, July, August, September, October, November, December","padding_top":10,"padding_bottom":10}},"description":{"type":"description","settings":{}}},"block_order":["c5728eab-5b1d-44e7-8e74-220cfef92c9b","title","price","de244682-4323-4802-b4ba-b79b08e0c71d","44f9cdc2-f4bf-466e-87d5-fb765ad4864a","074f248d-8d73-4c8f-a97e-d8e82c5be5fc","buy_buttons","d505cdfe-d5cf-4aff-8e9e-abca6dae66eb","98db29ee-a7dc-429e-8129-bf71131627da","2edbf491-d07c-4718-b71e-18ffe22ab7dc","description"],"settings":{"enable_sticky_info":true,"media_size":"medium","constrain_to_viewport":true,"media_fit":"cover","gallery_layout":"thumbnail_slider","media_position":"left","image_zoom":"none","mobile_thumbnails":"hide","hide_variants":false,"enable_video_looping":false,"trust_badge_position":"top-right","trust_badge_size":"medium","padding_top":24,"padding_bottom":0}},"related-products":{"type":"related-products","settings":{"heading":"You may also like","heading_size":"h2","products_to_show":4,"columns_desktop":4,"color_scheme":"background-1","image_ratio":"square","show_secondary_image":true,"show_vendor":false,"show_rating":true,"columns_mobile":"2","padding_top":36,"padding_bottom":24}}},"order":["main","related-products"]}