{"name":"t:sections.footer.name","type":"footer","sections":{"footer":{"type":"footer","blocks":{"1c647602-cc00-4009-a058-976435c8ee9e":{"type":"link_list","settings":{"heading":"Enlaces de interes","menu":"footer","width_desktop":4,"width_mobile":"1"}},"link_list_FyeqBg":{"type":"link_list","settings":{"heading":"LEGAL","menu":"footer","width_desktop":3,"width_mobile":"1"}},"24f208fd-0898-43eb-af23-d74f8420ab37":{"type":"email_signup","settings":{"heading":"Join (My Store)","subtext":"<p>Receive 10% EXTRA on your first order<\/p>","button_type":"solid","button_label":"CLAIM","button_style_secondary":false,"width_desktop":4,"width_mobile":"2"}}},"block_order":["1c647602-cc00-4009-a058-976435c8ee9e","link_list_FyeqBg","24f208fd-0898-43eb-af23-d74f8420ab37"],"settings":{"color_scheme":"accent-1","enable_follow_on_shop":true,"show_social":true,"enable_country_selector":true,"enable_language_selector":true,"payment_enable":true,"show_policy":false,"branding_text":"(Mi tienda) 2025 All Rights Reserved","margin_top":0,"padding_top":32,"padding_bottom":20}}},"order":["footer"]}