{"sections":{"e6750b05-7703-4f69-ab7c-9ffb0acf18fb":{"type":"slideshow","blocks":{"template--18472095940937__e6750b05-7703-4f69-ab7c-9ffb0acf18fb-16798645128eb8005e-1":{"type":"slide","settings":{"heading":"FLASH SALE","heading_size":"h1","subheading":"ALL AT 50% + FREE SHIPPING","button_label":"BUY NOW","link":"","button_style_secondary":false,"box_align":"middle-center","show_text_box":true,"text_alignment":"center","image_overlay_opacity":0,"color_scheme":"background-1","text_alignment_mobile":"center"}}},"block_order":["template--18472095940937__e6750b05-7703-4f69-ab7c-9ffb0acf18fb-16798645128eb8005e-1"],"settings":{"layout":"full_bleed","slide_height":"adapt_image","slider_visual":"counter","auto_rotate":false,"change_slides_speed":5,"show_text_below":true,"accessibility_info":"Slideshow about our brand"}},"featured_collection_gLND7A":{"type":"featured-collection","settings":{"title":"Bestsellers","heading_size":"h2","description":"","show_description":false,"description_style":"body","collection":"frontpage","products_to_show":4,"columns_desktop":4,"full_width":false,"show_view_all":true,"view_all_style":"solid","enable_desktop_slider":false,"color_scheme":"background-1","image_ratio":"adapt","show_secondary_image":false,"show_vendor":false,"show_rating":false,"enable_quick_add":false,"columns_mobile":"2","swipe_on_mobile":false,"padding_top":36,"padding_bottom":36}},"eab98bdb-f257-46ac-a548-66c24089d95a":{"type":"comparison-table","blocks":{"template--18472095940937__eab98bdb-f257-46ac-a548-66c24089d95a-167986455514a8e470-0":{"type":"row","settings":{"benefit":"Easy returns","us":true,"others":false}},"template--18472095940937__eab98bdb-f257-46ac-a548-66c24089d95a-167986455514a8e470-1":{"type":"row","settings":{"benefit":"24H shipping","us":true,"others":false}},"template--18472095940937__eab98bdb-f257-46ac-a548-66c24089d95a-167986455514a8e470-2":{"type":"row","settings":{"benefit":"PayPal Payment","us":true,"others":false}},"d4c65361-b69b-4224-8ea3-3f8565f6b66a":{"type":"row","settings":{"benefit":"Warranty","us":true,"others":true}},"row_7BiWAg":{"type":"row","settings":{"benefit":"Payment in 3 installments with Klarna","us":true,"others":false}}},"block_order":["template--18472095940937__eab98bdb-f257-46ac-a548-66c24089d95a-167986455514a8e470-0","template--18472095940937__eab98bdb-f257-46ac-a548-66c24089d95a-167986455514a8e470-1","template--18472095940937__eab98bdb-f257-46ac-a548-66c24089d95a-167986455514a8e470-2","d4c65361-b69b-4224-8ea3-3f8565f6b66a","row_7BiWAg"],"settings":{"title":"We have no competitors","heading_size":"h2","text":"<p>Because (name of store) is your best option<\/p>","button_label":"","link":"","button_style_secondary":false,"layout":"table_second","color_scheme":"background-1","logo_width":75,"us_label":"","others_label":"OTROS","benefit_color_scheme":"accent-1","checkmark_color":"#53af01","icon_cells_color_scheme":"background-1","padding_top":36,"padding_bottom":36}},"custom_liquid_qERhAg":{"type":"custom-liquid","disabled":true,"settings":{"custom_liquid":"<!-- Do not edit this MAKEPROFIT.AI code. -->\n   \n<h2> Our customers repeat!<\/h2>\n\n<h3>Excellent 4.7\/5\n\n<svg width=\"24\" height=\"24\" viewBox=\"0 0 16 16\" fill=\"none\" xmlns=\"http:\/\/www.w3.org\/2000\/svg\">\n                      <path d=\"M16 0H0V16H16V0Z\" fill=\"#00B67A\"><\/path>\n                      <path d=\"M7.99844 10.7833L10.4318 10.1666L11.4484 13.3L7.99844 10.7833ZM13.5984 6.73328H9.3151L7.99844 2.69995L6.68177 6.73328H2.39844L5.86511 9.23328L4.54844 13.2666L8.01511 10.7666L10.1484 9.23328L13.5984 6.73328Z\" fill=\"white\"><\/path>\n                    <\/svg>\n                  \n                    <svg width=\"24\" height=\"24\" viewBox=\"0 0 16 16\" fill=\"none\" xmlns=\"http:\/\/www.w3.org\/2000\/svg\">\n                      <path d=\"M16 0H0V16H16V0Z\" fill=\"#00B67A\"><\/path>\n                      <path d=\"M7.99844 10.7833L10.4318 10.1666L11.4484 13.3L7.99844 10.7833ZM13.5984 6.73328H9.3151L7.99844 2.69995L6.68177 6.73328H2.39844L5.86511 9.23328L4.54844 13.2666L8.01511 10.7666L10.1484 9.23328L13.5984 6.73328Z\" fill=\"white\"><\/path>\n                    <\/svg>\n                  \n                    <svg width=\"24\" height=\"24\" viewBox=\"0 0 16 16\" fill=\"none\" xmlns=\"http:\/\/www.w3.org\/2000\/svg\">\n                      <path d=\"M16 0H0V16H16V0Z\" fill=\"#00B67A\"><\/path>\n                      <path d=\"M7.99844 10.7833L10.4318 10.1666L11.4484 13.3L7.99844 10.7833ZM13.5984 6.73328H9.3151L7.99844 2.69995L6.68177 6.73328H2.39844L5.86511 9.23328L4.54844 13.2666L8.01511 10.7666L10.1484 9.23328L13.5984 6.73328Z\" fill=\"white\"><\/path>\n                    <\/svg>\n                  \n                    <svg width=\"24\" height=\"24\" viewBox=\"0 0 16 16\" fill=\"none\" xmlns=\"http:\/\/www.w3.org\/2000\/svg\">\n                      <path d=\"M16 0H0V16H16V0Z\" fill=\"#00B67A\"><\/path>\n                      <path d=\"M7.99844 10.7833L10.4318 10.1666L11.4484 13.3L7.99844 10.7833ZM13.5984 6.73328H9.3151L7.99844 2.69995L6.68177 6.73328H2.39844L5.86511 9.23328L4.54844 13.2666L8.01511 10.7666L10.1484 9.23328L13.5984 6.73328Z\" fill=\"white\"><\/path>\n                    <\/svg>\n                  \n                    <svg width=\"24\" height=\"24\" viewBox=\"0 0 16 16\" fill=\"none\" xmlns=\"http:\/\/www.w3.org\/2000\/svg\">\n                      <path d=\"M16 0H0V16H16V0Z\" fill=\"#00B67A\"><\/path>\n                      <path d=\"M7.99844 10.7833L10.4318 10.1666L11.4484 13.3L7.99844 10.7833ZM13.5984 6.73328H9.3151L7.99844 2.69995L6.68177 6.73328H2.39844L5.86511 9.23328L4.54844 13.2666L8.01511 10.7666L10.1484 9.23328L13.5984 6.73328Z\" fill=\"white\"><\/path>\n                    <\/svg>\n<br>\n<font size=\"3\">based on&nbsp;<\/span><span style=\"text-decoration: underline;\"><strong data-mce-fragment=\"1\">500+<\/strong><\/span><span data-mce-fragment=\"1\">&nbsp;reviews","color_scheme":"background-1","padding_top":0,"padding_bottom":0}},"collapsible_content_K9p4PT":{"type":"collapsible-content","blocks":{"collapsible_row_bNfCgB":{"type":"collapsible_row","settings":{"heading":"How long does delivery take?","icon":"check_mark","row_content":"<p>Our mission is to deliver your order directly to your door quickly, reasonably and honestly. <br\/><br\/>Although we aim to deliver all products within 4 to 10 days, it is possible that, as a small company, delivery time may be longer.<br\/><br\/>Please contact us if you have any questions about delivery times.<\/p>","page":""}},"collapsible_row_kEEnJi":{"type":"collapsible_row","settings":{"heading":"Do you ship worldwide?","icon":"check_mark","row_content":"<p>We deliver our products anywhere and all year round.<\/p>","page":""}},"collapsible_row_YwKHGR":{"type":"collapsible_row","settings":{"heading":"How much does shipping cost?","icon":"check_mark","row_content":"<p>We offer FREE worldwide shipping on all our products.<\/p>","page":""}},"collapsible_row_zkmKqp":{"type":"collapsible_row","settings":{"heading":"Where are the products shipped from?","icon":"check_mark","row_content":"<p>We have a wide variety of warehouses where we store our wide range of products. <br\/><br\/>Our products are shipped from different warehouses depending on the product you order.<\/p>","page":""}},"collapsible_row_Qx8r9C":{"type":"collapsible_row","settings":{"heading":"¿Cómo compro en su sitio web?","icon":"check_mark","row_content":"<p>Once you have decided which product you would like to purchase from us, we offer a variety of payment methods.<\/p><p>Currently available: Apple pay, Google pay, Shop pay, debit\/credit card, PayPal AND Klarna.<\/p>","page":""}},"collapsible_row_CPxchn":{"type":"collapsible_row","settings":{"heading":"Do you offer refunds?","icon":"check_mark","row_content":"<p>We offer a 14-day return policy from the date the item arrives at your home. <\/p>","page":""}}},"block_order":["collapsible_row_bNfCgB","collapsible_row_kEEnJi","collapsible_row_YwKHGR","collapsible_row_zkmKqp","collapsible_row_Qx8r9C","collapsible_row_CPxchn"],"settings":{"caption":"","heading":"FAQs","heading_size":"h2","heading_alignment":"center","layout":"section","color_scheme":"background-1","container_color_scheme":"background-2","open_first_collapsible_row":false,"image_ratio":"adapt","desktop_layout":"image_second","padding_top":36,"padding_bottom":36}},"bb0df407-4b1e-45f0-a6fa-a64b51c078eb":{"type":"icon-bar","blocks":{"template--18472095940937__bb0df407-4b1e-45f0-a6fa-a64b51c078eb-16798645704e6a2246-0":{"type":"column","settings":{"icon":"return","title":"EASY RETURNS","text":"<p>Don't like it? No problem! We'll make it <strong>easy<\/strong> for you to return your order<\/p>"}},"template--18472095940937__bb0df407-4b1e-45f0-a6fa-a64b51c078eb-16798645704e6a2246-1":{"type":"column","settings":{"icon":"chat_bubble","title":"24\/7 support","text":"<p>We are always at your disposal!<\/p>"}},"template--18472095940937__bb0df407-4b1e-45f0-a6fa-a64b51c078eb-16798645704e6a2246-2":{"type":"column","settings":{"icon":"truck","title":"Fast shipping","text":"<p>We process your order in less than <strong>2 hours<\/strong>!<\/p>"}}},"block_order":["template--18472095940937__bb0df407-4b1e-45f0-a6fa-a64b51c078eb-16798645704e6a2246-0","template--18472095940937__bb0df407-4b1e-45f0-a6fa-a64b51c078eb-16798645704e6a2246-1","template--18472095940937__bb0df407-4b1e-45f0-a6fa-a64b51c078eb-16798645704e6a2246-2"],"settings":{"title":"Our values","heading_size":"h2","text":"","icon_size":"medium","columns_desktop":4,"icon_color":"accent-1","background_style":"primary","color_scheme":"background-1","columns_mobile":"1","swipe_on_mobile":false,"padding_top":36,"padding_bottom":36}},"33217d57-e749-436e-bb7a-44a340facaa4":{"type":"results","blocks":{"row_YQCnKa":{"type":"row","settings":{"percentage":98,"row_text":"<p><strong>Of the packages arrive on time! <\/strong><\/p>"}},"template--18472095940937__33217d57-e749-436e-bb7a-44a340facaa4-16798646483bf89b52-1":{"type":"row","settings":{"percentage":70,"row_text":"<p><strong>70% of our customers repeat.<\/strong><\/p>"}},"template--18472095940937__33217d57-e749-436e-bb7a-44a340facaa4-16798646483bf89b52-2":{"type":"row","settings":{"percentage":2,"row_text":"<p><strong>Only 2% returns, our products are of the highest quality.<\/strong><\/p>"}}},"block_order":["row_YQCnKa","template--18472095940937__33217d57-e749-436e-bb7a-44a340facaa4-16798646483bf89b52-1","template--18472095940937__33217d57-e749-436e-bb7a-44a340facaa4-16798646483bf89b52-2"],"settings":{"title":"Results","heading_size":"h2","text":"<p>Our clients endorse us.<\/p>","color_scheme":"background-1","layout":"results_second","results_headline":"","results_headline_size":"h3","results_headline_alignment":"center","caption":"<p>*Actual results for the last 6 months *<\/p>","button_label":"","link":"","button_style_secondary":false,"padding_top":36,"padding_bottom":36}},"c65117da-b894-43a0-8d4d-7bd214ab10a9":{"type":"testimonials","blocks":{"template--18472095940937__c65117da-b894-43a0-8d4d-7bd214ab10a9-16798646670717cf42-0":{"type":"column","settings":{"title":"Exceeded expectations! 🤩","text":"<p>“I am delighted with this product. It goes above and beyond what I expected. The price is totally reasonable, and it does the job efficiently.”<\/p>","author":"María"}},"template--18472095940937__c65117da-b894-43a0-8d4d-7bd214ab10a9-16798646670717cf42-1":{"type":"column","settings":{"title":"Compact and efficient!","text":"<p>“I can't believe how much better they are compared to others I've tried. They don't bulge like most. A significant improvement!” <\/p>","author":"Ana"}},"template--18472095940937__c65117da-b894-43a0-8d4d-7bd214ab10a9-16798646670717cf42-2":{"type":"column","settings":{"title":"Quality you can feel!","text":"<p>“These products are durable and you can feel the quality in every detail. They have earned a place in my everyday must-haves.”<\/p>","author":"Natalia P"}}},"block_order":["template--18472095940937__c65117da-b894-43a0-8d4d-7bd214ab10a9-16798646670717cf42-0","template--18472095940937__c65117da-b894-43a0-8d4d-7bd214ab10a9-16798646670717cf42-1","template--18472095940937__c65117da-b894-43a0-8d4d-7bd214ab10a9-16798646670717cf42-2"],"settings":{"title":"Testimonials","heading_size":"h2","text":"","image_width":"full","image_ratio":"square","columns_desktop":3,"column_alignment":"center","show_stars":true,"show_quotes":true,"background_style":"primary","color_scheme":"background-1","padding_top":36,"padding_bottom":36}},"0cf14636-438d-4227-b017-3b91b9f6dd17":{"type":"contact-form","settings":{"heading":"Contact form","heading_size":"h2","button_full_width":true,"color_scheme":"background-1","padding_top":28,"padding_bottom":28}}},"order":["e6750b05-7703-4f69-ab7c-9ffb0acf18fb","featured_collection_gLND7A","eab98bdb-f257-46ac-a548-66c24089d95a","custom_liquid_qERhAg","collapsible_content_K9p4PT","bb0df407-4b1e-45f0-a6fa-a64b51c078eb","33217d57-e749-436e-bb7a-44a340facaa4","c65117da-b894-43a0-8d4d-7bd214ab10a9","0cf14636-438d-4227-b017-3b91b9f6dd17"]}