{"current":{"announcement_background_color":"#000000","announcement_text":"FREE SHIPPING ON ALL ORDERS OVER $54","show_announcement_bar":false,"hide_announcemenet_bar_on_home":false,"show_music":true,"music_img":"shopify:\/\/shop_images\/tumblr_p98jxpGiGK1qbadsuo1_1280.jpg","show_disk":true,"music_url":"https:\/\/cdn.shopify.com\/s\/files\/1\/0724\/5178\/4992\/files\/Travis_Scott_feat._Young_Thug_M.I.A._-_FRANCHISE_Official_Audio.mp3?v=1679559585","music_btn_color":"#000000","body_font":"anonymous_pro_n4","btn_font":"inconsolata_n4","timezone":"America\/New_York","thumb_color":"#dd1d1d","thumb_radius":5,"scrollbar-distance":10,"enter_screen_logo_size":165,"shop_screen_logo_size":149,"desktop-layout":"1fr 1fr 1fr 1fr","mobile-layout":"1fr 1fr","column-gap-desktop":0,"row-gap-desktop":24,"product-size":89,"collection_shop":"crewnecks","sections":{"announcement-bar":{"type":"announcement-bar","settings":{}},"homepage-background":{"type":"homepage-background","settings":{"show_background_image":false,"show_background_image_mobile":false,"video_url":"","show_background_video":true,"bg_color":"#ffffff","bg_color_mobile":"#ffffff","overlay_top_color":"#ffffff","overlay_top_opacity":0,"overlay_bottom_color":"#565656","overlay_bottom_opacity":0,"overlay_top_color_mobile":"#000000","overlay_top_opacity_mobile":0,"overlay_bottom_color_mobile":"#000000","overlay_bottom_opacity_mobile":0}},"social-media-links":{"type":"social-media-links","settings":{"link-alignment":"left","invert_social_media_links":false,"instagram_link":"","twitter_link":"","facebook_link":"","youtube_channel_link":"","tik_tok_link":"","applemusic_link":"","spotify_link":"","tidal_link":"","soundcloud_link":"","tumblr_link":"","discord_link":"","show_instagram":true,"show_twitter":true,"show_facebook":false,"show_youtube":false,"show_tik_tok":false,"show_tumblr":false,"show_discord":false,"show_applemusic":false,"show_spotify":false,"show_tidal":false,"show_soundcloud":false}},"credits":{"type":"credits","settings":{"credit_text_color":"#000000"}},"product-page-background":{"type":"product-page-background","settings":{"show_background_image":false,"show_background_image_mobile":false,"bg_color":"#ffffff","bg_color_mobile":"#ffffff","overlay_top_color":"#000000","overlay_top_opacity":0,"overlay_bottom_color":"#000000","overlay_bottom_opacity":0,"overlay_top_color_mobile":"#000000","overlay_top_opacity_mobile":0,"overlay_bottom_color_mobile":"#000000","overlay_bottom_opacity_mobile":0}},"index-timezone":{"type":"index-timezone","settings":{"index_date_color":"#000000","index_time_color":"#000000"}},"nav-link":{"type":"nav-link","settings":{"nav_link_color":"#000000","navlink_hover_color":"#ffffff","navlink_background_color":"#fe0100","link-alignment":"left"}},"shop-background":{"type":"shop-background","settings":{"show_background_image":false,"show_background_image_mobile":false,"bg_color":"#ffffff","bg_color_mobile":"#ffffff","overlay_top_color":"#ffffff","overlay_top_opacity":0,"overlay_bottom_color":"#ffffff","overlay_bottom_opacity":0,"overlay_top_color_mobile":"#ff0000","overlay_top_opacity_mobile":0,"overlay_bottom_color_mobile":"#000000","overlay_bottom_opacity_mobile":0}},"shop-timezone":{"type":"shop-timezone","settings":{"index_date_color":"#000000","index_time_color":"#000000"}},"cart":{"type":"cart","settings":{"cart_text_color":"#000000","cart_number_color":"#ffffff","cart_number_bg_color":"#000000"}},"category-menu":{"type":"category-menu","settings":{"menu-link-color":"#000000","bg_color":"#ffffff","navlink_background_color":"#fe0100","navlink_hover_color":"#ffffff","close_button_color":"#000000","text-alignment":"center","font-size":16,"menu-spacing":16}},"default-timezone":{"type":"default-timezone","settings":{"index_date_color":"#000000","index_time_color":"#000000"}},"lock-page-background":{"type":"lock-page-background","settings":{"show_background_image":false,"show_background_image_mobile":false,"bg_color":"#ffffff","bg_color_mobile":"#ffffff","overlay_top_color":"#000000","overlay_top_opacity":0,"overlay_bottom_color":"#000000","overlay_bottom_opacity":0,"overlay_top_color_mobile":"#000000","overlay_top_opacity_mobile":0,"overlay_bottom_color_mobile":"#000000","overlay_bottom_opacity_mobile":0}},"product-timezone":{"type":"product-timezone","settings":{"index_date_color":"#000000","index_time_color":"#000000"}},"on-sale-product-page":{"type":"on-sale-product-page","settings":{"on_sale_bg_color":"#e5d9bd","on_sale_text_color":"#5b5b5b"}},"product-typography":{"type":"product-typography","settings":{"product_title":"#000000","product_description":"#000000","product_price":"#000000","product_was_text":"#000000","product_before_price":"#fe0100"}},"product-navigation":{"type":"product-navigation","settings":{"add_to_cart_bg":"#000000","add_to_cart_text":"#ffffff","keep_shopping_bg":"#000000","keep_shopping_text":"#ffffff","next_item_text":"#030303","out_of_stock_bg":"#ff0000","out_of_stock_text":"#ffffff"}},"lookbook-background":{"type":"lookbook-background","settings":{"show_background_image":false,"show_background_image_mobile":false,"bg_color":"#ffffff","bg_color_mobile":"#ffffff","overlay_top_color":"#000000","overlay_top_opacity":0,"overlay_bottom_color":"#000000","overlay_bottom_opacity":0,"overlay_top_color_mobile":"#000000","overlay_top_opacity_mobile":0,"overlay_bottom_color_mobile":"#000000","overlay_bottom_opacity_mobile":0}},"lookbook-header":{"type":"lookbook-header","settings":{"lookbook_title":"Lookbook Title Here","title_color":"#000000","lookbook_description":"The lookbook page is perfect for showing off your latest collection or release! Every part of this page is customizable for both desktop and mobile.","description_color":"#000000","shop_now_link":"","shop_now_link_text":"Shop Now","shop_now_button_color":"#fe0100","shop_now_text_color":"#ffffff","back_home_button_color":"#000000","back_home_text_color":"#ffffff","date_color":"#000000","time_color":"#000000"}},"lookbook-content":{"type":"lookbook-content","blocks":{"11304357-5d2f-49c1-a0dd-767c2ee8ebdd":{"type":"lookbook_photos","settings":{"image":"shopify:\/\/shop_images\/image_2.png"}},"7b04d7f6-bf33-43ab-9105-34e4bda6116d":{"type":"lookbook_photos","settings":{"image":"shopify:\/\/shop_images\/image_16.png"}},"39a0cf9d-025c-47b5-add7-1d29869721a7":{"type":"lookbook_photos","settings":{"image":"shopify:\/\/shop_images\/image_8.png"}}},"block_order":["11304357-5d2f-49c1-a0dd-767c2ee8ebdd","7b04d7f6-bf33-43ab-9105-34e4bda6116d","39a0cf9d-025c-47b5-add7-1d29869721a7"],"settings":{"lookbook-columns":"1fr 1fr 1fr","lookbook-columns-mobile":"1fr 1fr"}},"about-background":{"type":"about-background","settings":{"show_background_image":false,"show_background_image_mobile":false,"bg_color":"#ffffff","overlay_top_color":"#000000","overlay_top_opacity":0,"overlay_bottom_color":"#000000","overlay_bottom_opacity":0,"overlay_top_color_mobile":"#000000","overlay_top_opacity_mobile":0,"overlay_bottom_color_mobile":"#000000","overlay_bottom_opacity_mobile":0}},"about-timezone":{"type":"about-timezone","settings":{"index_date_color":"#000000","index_time_color":"#000000"}},"about-content":{"type":"about-content","settings":{"content":"<p>Carrots, 31, seems unfazed by all of this. He’s standing near the entrancerolling a joint — his signature sun-soaked dreads hang as they always do, his gear is his, per usual (today a Carrots X DC collaboration hat and shoes). He shrugs, cracking a nonchalant smile and raising both of his eyebrows up from the center, as if to say:<em>This is regular<\/em>.<\/p>","content_text_color":"#000000"}},"about-home-btn":{"type":"about-home-btn","settings":{"bg-color":"#000000","text-color":"#ffffff"}},"contact-background":{"type":"contact-background","settings":{"show_background_image":false,"show_background_image_mobile":false,"bg_color":"#ffffff","bg_color_mobile":"#ffffff","overlay_top_color":"#000000","overlay_top_opacity":0,"overlay_bottom_color":"#000000","overlay_bottom_opacity":0,"overlay_top_color_mobile":"#000000","overlay_top_opacity_mobile":0,"overlay_bottom_color_mobile":"#000000","overlay_bottom_opacity_mobile":0}},"contact-timezone":{"type":"contact-timezone","settings":{"index_date_color":"#000000","index_time_color":"#000000"}},"category-menu-btn":{"type":"category-menu-btn","settings":{"bg-color":"#000000"}},"on-sale-mark-up-collection-shop":{"type":"on-sale-mark-up-collection-shop","settings":{"on_sale_bg_color":"#000000","on_sale_text_color":"#ffffff"}},"contact-form":{"type":"contact-form","settings":{"field-bg-color":"#ffffff","field-text-color":"#0a0a0a","submit-bg-color":"#fe0100","submit-text-color":"#ffffff","back-home-color":"#000000","back-home-text-color":"#ffffff"}},"product-settings":{"type":"product-settings","settings":{"product_title_color":"#000000","product_title_size":11,"show-title":false,"on_sale_bg_color":"#000000","on_sale_text_color":"#ffffff","on_sale_text_size":12,"show_on_sale":true,"on_sale_size":61,"on_sale_size_mobile":55,"product_border_color":"#000000","product_border_thickness":1.5}},"category-menu-desktop":{"type":"category-menu-desktop","settings":{"menu-link-color":"#000000","navlink_background_color":"#dd1d1d","navlink_hover_color":"#ffffff","font-size":11,"menu-spacing":0,"text-alignment":"right"}},"music-player":{"type":"music-player","settings":{}},"contact-content":{"type":"contact-content","settings":{"contact-message":"Allow 3-5 business days for a response to your inquiry.","contact_text_color":"#000000"}},"default-page-background":{"type":"default-page-background","settings":{"show_background_image":false,"show_background_image_mobile":false,"bg_color":"#ffffff","bg_color_mobile":"#ffffff","overlay_top_color":"#000000","overlay_top_opacity":0,"overlay_bottom_color":"#000000","overlay_bottom_opacity":0,"overlay_top_color_mobile":"#000000","overlay_top_opacity_mobile":0,"overlay_bottom_color_mobile":"#000000","overlay_bottom_opacity_mobile":0}},"default-home-btn":{"type":"default-home-btn","settings":{"bg-color":"#000000","text-color":"#ffffff"}},"lock-page-content":{"type":"lock-page-content","settings":{"title-color":"#000000","color":"#000000","message":"We'll be back later","input-bg":"#ffffff","input-text-color":"#000000","submit-bg":"#000000","submit-text-color":"#ffffff"}}},"content_for_index":[]}}