[
  {
    "name": "theme_info",
    "theme_name": "SUPREZZ [BY HYPECLOTHING]",
    "theme_author": "HYPECLOTHING",
    "theme_version": "1.0.0",
    "theme_documentation_url": "https:\/\/hypeclothing.gumroad.com",
    "theme_support_email": "info@hypeclothing.com"
  },
  {
    "name": "Announcement Bar",
    "settings": [
      {
        "type": "color",
        "id": "announcement_background_color",
        "label": "Announcement Bar Color",
        "default": "#000000"
      },
      {
        "type": "text",
        "id": "announcement_text",
        "label": "Announcement Text",
        "default": "Insert Announcement Text Here. Change me or turn me off in theme settings."
      },
      {
        "type": "color",
        "id": "announement-text-color",
        "label": "Announcement Text Color",
        "default": "#FFF"
      },
      {
        "type": "checkbox",
        "id": "show_announcement_bar",
        "label": "Show Announcement Bar",
        "default": true
      },
      {
        "type": "checkbox",
        "id": "hide_announcemenet_bar_on_home",
        "label": "Show Announcement Bar On Home Page",
        "default": false
      }
    ]
  },
  {
    "name": "Music Player",
    "settings": [
      {
        "type": "checkbox",
        "id": "show_music",
        "label": "Show Music Player",
        "default": true
      },
      {
        "type": "image_picker",
        "id": "music_img",
        "label": "Disk Cover Image"
      },
      {
        "type": "checkbox",
        "id": "show_disk",
        "label": "Show Disk",
        "default": true
      },
      {
        "type": "header",
        "content": "Upload Music"
      },
      {
        "type": "paragraph",
        "content": "To upload music follow these steps:"
      },
      {
        "type": "paragraph",
        "content": "Go back to the Shopify Admin Panel > Click \"Content\" > Files > Upload A File(Make sure its .mp3) > Copy the link and paste below"
      },
      {
        "type": "text",
        "id": "music_url",
        "label": "Music URL"
      },
      {
        "type": "color",
        "id": "music_btn_color",
        "label": "Music Player Button Color",
        "default": "#cdc2d0"
      }
    ]
  },
  {
    "name": "Typography",
    "settings": [
      {
        "type": "font_picker",
        "id": "body_font",
        "label": "Paragraph Font",
        "default": "inconsolata_n4"
      },
      {
        "type": "font_picker",
        "id": "font_header",
        "label": "Header Fonts",
        "default": "inconsolata_n4"
      },
      {
        "type": "font_picker",
        "id": "btn_font",
        "label": "Button Fonts",
        "default": "inconsolata_n4"
      }
    ]
  },
  {
    "name": "Clock Settings",
    "settings": [
      {
        "type": "select",
        "id": "timezone",
        "label": "Pick A Timezone",
        "options": [
          {
            "value": "America\/New_York",
            "label": "America\/New_York"
          },
          {
            "value": "America\/Los_Angeles",
            "label": "America\/Los_Angeles"
          },
          {
            "value": "America\/Phoenix",
            "label": "America\/Phoenix"
          },
          {
            "value": "America\/Boise",
            "label": "America\/Boise"
          },
          {
            "value": "America\/Denver",
            "label": "America\/Denver"
          },
          {
            "value": "America\/Detroit",
            "label": "America\/Detroit"
          },
          {
            "value": "America\/Chicago",
            "label": "America\/Chicago"
          },
          {
            "value": " Pacific\/Midway",
            "label": " Pacific\/Midway"
          },
          {
            "value": "America\/Adak",
            "label": "America\/Adak"
          },
          {
            "value": "America\/Anchorage",
            "label": "America\/Anchorage"
          },
          {
            "value": "Pacific\/Gambier",
            "label": "Pacific\/Gambier"
          },
          {
            "value": "America\/Dawson_Creek",
            "label": "America\/Dawson_Creek"
          },
          {
            "value": "America\/Ensenada",
            "label": "America\/Ensenada"
          },
          {
            "value": " America\/Chihuahua",
            "label": " America\/Chihuahua"
          },
          {
            "value": "America\/Belize",
            "label": " America\/Belize"
          },
          {
            "value": "America\/Cancun",
            "label": "America\/Cancun"
          },
          {
            "value": "Chile\/EasterIsland",
            "label": "Chile\/EasterIsland"
          },
          {
            "value": "America\/Bogota",
            "label": "America\/Bogota"
          },
          {
            "value": " America\/Caracas",
            "label": " America\/Caracas"
          },
          {
            "value": "America\/Campo_Grande",
            "label": "America\/Campo_Grande"
          },
          {
            "value": "America\/Glace_Bay",
            "label": "America\/Glace_Bay"
          },
          {
            "value": " America\/Goose_Bay",
            "label": " America\/Goose_Bay"
          },
          {
            "value": " America\/Santiago",
            "label": " America\/Santiago"
          },
          {
            "value": "America\/La_Paz",
            "label": "America\/La_Paz"
          },
          {
            "value": "America\/Argentina\/Buenos_Aires",
            "label": "America\/Argentina\/Buenos_Aires"
          },
          {
            "value": "America\/Montevideo",
            "label": "America\/Montevideo"
          },
          {
            "value": "America\/Araguaina",
            "label": "America\/Araguaina"
          },
          {
            "value": "America\/Godthab",
            "label": "America\/Godthab"
          },
          {
            "value": "America\/Miquelon",
            "label": "America\/Miquelon"
          },
          {
            "value": "America\/Sao_Paulo",
            "label": "America\/Sao_Paulo"
          },
          {
            "value": "America\/St_Johns",
            "label": "America\/St_Johns"
          },
          {
            "value": "Atlantic\/Cape_Verde",
            "label": "Atlantic\/Cape_Verde"
          },
          {
            "value": "Europe\/Belfast",
            "label": "Europe\/Belfast"
          },
          {
            "value": "Africa\/Abidjan",
            "label": "Africa\/Abidjan"
          },
          {
            "value": "Europe\/Dublin",
            "label": "Europe\/Dublin"
          },
          {
            "value": "Europe\/Lisbon",
            "label": "Europe\/Lisbon"
          },
          {
            "value": "Europe\/London",
            "label": "Europe\/London"
          },
          {
            "value": "Africa\/Windhoek",
            "label": "Africa\/Windhoek"
          },
          {
            "value": "Atlantic\/Azores",
            "label": "Atlantic\/Azores"
          },
          {
            "value": "Atlantic\/Stanley",
            "label": "Atlantic\/Stanley"
          },
          {
            "value": "Europe\/Amsterdam",
            "label": "Europe\/Amsterdam"
          },
          {
            "value": "Europe\/Belgrade",
            "label": "Europe\/Belgrade"
          },
          {
            "value": "Europe\/Brussels",
            "label": "Europe\/Brussels"
          },
          {
            "value": "Africa\/Cairo",
            "label": "Africa\/Cairo"
          },
          {
            "value": "Africa\/Blantyre",
            "label": "Africa\/Blantyre"
          },
          {
            "value": "Asia\/Beirut",
            "label": "Asia\/Beirut"
          },
          {
            "value": "Asia\/Damascus",
            "label": "Asia\/Damascus"
          },
          {
            "value": "Asia\/Gaza",
            "label": "Asia\/Gaza"
          },
          {
            "value": "Asia\/Jerusalem",
            "label": "Asia\/Jerusalem"
          },
          {
            "value": "Africa\/Addis_Ababa",
            "label": "Africa\/Addis_Ababa"
          },
          {
            "value": "Europe\/Minsk",
            "label": "Europe\/Minsk"
          },
          {
            "value": "Asia\/Tehran",
            "label": "Asia\/Tehran"
          },
          {
            "value": "Asia\/Dubai",
            "label": "Asia\/Dubai"
          },
          {
            "value": "Asia\/Yerevan",
            "label": "Asia\/Yerevan"
          },
          {
            "value": "Europe\/Moscow",
            "label": "Europe\/Moscow"
          },
          {
            "value": "Asia\/Kabul",
            "label": "Asia\/Kabul"
          },
          {
            "value": "Asia\/Tashkent",
            "label": "Asia\/Tashkent"
          },
          {
            "value": "Asia\/Kolkata",
            "label": "Asia\/Kolkata"
          },
          {
            "value": "Asia\/Katmandu",
            "label": "Asia\/Katmandu"
          },
          {
            "value": "Asia\/Dhaka",
            "label": "Asia\/Dhaka"
          },
          {
            "value": "Asia\/Yekaterinburg",
            "label": "Asia\/Yekaterinburg"
          },
          {
            "value": "Asia\/Rangoon",
            "label": "Asia\/Rangoon"
          },
          {
            "value": "Asia\/Bangkok",
            "label": "Asia\/Bangkok"
          },
          {
            "value": "Asia\/Novosibirsk",
            "label": "Asia\/Novosibirsk"
          },
          {
            "value": "Asia\/Hong_Kong",
            "label": "Asia\/Hong_Kong"
          },
          {
            "value": "Asia\/Krasnoyarsk",
            "label": "Asia\/Krasnoyarsk"
          },
          {
            "value": "Australia\/Perth",
            "label": "Australia\/Perth"
          },
          {
            "value": "Australia\/Eucla",
            "label": "Australia\/Eucla"
          },
          {
            "value": "Asia\/Irkutsk",
            "label": "Asia\/Irkutsk"
          },
          {
            "value": "Asia\/Seoul",
            "label": "Asia\/Seoul"
          },
          {
            "value": "Asia\/Tokyo",
            "label": "Asia\/Tokyo"
          },
          {
            "value": "Australia\/Adelaide",
            "label": "Australia\/Adelaide"
          },
          {
            "value": "Australia\/Darwin",
            "label": "Australia\/Darwin"
          },
          {
            "value": "Pacific\/Marquesas",
            "label": "Pacific\/Marquesas"
          },
          {
            "value": "Australia\/Brisbane",
            "label": "Australia\/Brisbane"
          },
          {
            "value": "Australia\/Hobart",
            "label": "Australia\/Hobart"
          },
          {
            "value": "Asia\/Yakutsk",
            "label": "Asia\/Yakutsk"
          },
          {
            "value": "Australia\/Lord_Howe",
            "label": "Australia\/Lord_Howe"
          },
          {
            "value": "Asia\/Vladivostok",
            "label": "Asia\/Vladivostok"
          },
          {
            "value": "Pacific\/Norfolk",
            "label": "Pacific\/Norfolk"
          },
          {
            "value": "Asia\/Anadyr",
            "label": "Asia\/Anadyr"
          },
          {
            "value": "Asia\/Magadan",
            "label": "Asia\/Magadan"
          },
          {
            "value": "Pacific\/Auckland",
            "label": "Pacific\/Auckland"
          },
          {
            "value": "Pacific\/Chatham",
            "label": "Pacific\/Chatham"
          },
          {
            "value": "Pacific\/Tongatapu",
            "label": "Pacific\/Tongatapu"
          },
          {
            "value": "Pacific\/Kiritimati",
            "label": "Pacific\/Kiritimati"
          }
        ],
        "default": "America\/New_York"
      }
    ]
  },
  {
    "name": "Scrollbar Settings",
    "settings": [
      {
        "type": "color",
        "id": "thumb_color",
        "label": "Scrollbar Color",
        "default": "#000000"
      },
      {
        "type": "color",
        "id": "track_color",
        "label": "Scrollbar Background Color",
        "default": "#FFF"
      },
      {
        "type": "range",
        "id": "thumb_radius",
        "min": 0,
        "max": 5,
        "step": 1,
        "unit": "px",
        "label": "Scrollbar Radius",
        "default": 0
      },
      {
        "type": "paragraph",
        "content": "Note: Scrollbar Distance only affects scrollbar on shop page"
      },
      {
        "type": "range",
        "id": "scrollbar-distance",
        "min": 10,
        "max": 50,
        "step": 1,
        "unit": "px",
        "label": "Scrollbar Distance",
        "default": 10
      }
    ]
  },
  {
    "name": "Shop Logo",
    "settings": [
      {
        "type": "image_picker",
        "id": "enter_screen_logo",
        "label": "Enter Screen Logo",
        "info": "This will show on the enter screen"
      },
      {
        "type": "range",
        "id": "enter_screen_logo_size",
        "label": "Logo Size (px)",
        "min": 65,
        "max": 165,
        "step": 1,
        "default": 115
      },
      {
        "type": "image_picker",
        "id": "shop_screen_logo",
        "label": "Shop Logo",
        "info": "This will show on all other pages except enter screen"
      },
      {
        "type": "range",
        "id": "shop_screen_logo_size",
        "label": "Logo Size (px)",
        "min": 65,
        "max": 165,
        "step": 1,
        "default": 115
      }
    ]
  },
  {
    "name": "Shop Layout",
    "settings": [
      {
        "type": "select",
        "id": "desktop-layout",
        "label": "Desktop Columns",
        "options": [
          {
            "value": "1fr 1fr",
            "label": "Two"
          },
          {
            "value": "1fr 1fr 1fr",
            "label": "Three"
          },
          {
            "value": "1fr 1fr 1fr 1fr",
            "label": "Four"
          }
        ],
        "default": "1fr 1fr 1fr"
      },
      {
        "type": "select",
        "id": "mobile-layout",
        "label": "Mobile Columns",
        "options": [
          {
            "value": "1fr",
            "label": "One"
          },
          {
            "value": "1fr 1fr",
            "label": "Two"
          }
        ],
        "default": "1fr 1fr"
      },
      {
        "type": "range",
        "id": "column-gap-desktop",
        "label": "Column Gap (Desktop)",
        "min": 0,
        "max": 24,
        "unit": "px",
        "step": 1,
        "default": 16
      },
      {
        "type": "range",
        "id": "row-gap-desktop",
        "label": "Row Gap (Desktop)",
        "min": 0,
        "max": 24,
        "unit": "px",
        "step": 1,
        "default": 16
      },
      {
        "type": "range",
        "id": "row-gap-mobile",
        "label": "Row Gap (Mobile)",
        "min": 0,
        "max": 24,
        "unit": "px",
        "step": 1,
        "default": 16
      },
      {
        "type": "range",
        "id": "column-gap-mobile",
        "label": "Column Gap (Mobile)",
        "min": 0,
        "max": 24,
        "unit": "px",
        "step": 1,
        "default": 16
      },
      {
        "type": "range",
        "id": "product-size",
        "label": "Product Image Size",
        "min": 60,
        "max": 100,
        "unit": "%",
        "step": 1,
        "default": 100
      }
    ]
  },
  {
    "name": "Seo Settings",
    "settings": [
      {
        "type": "image_picker",
        "id": "favicon",
        "label": "Favicon Image",
        "info": "Will be scaled down to 32x32px"
      },
      {
        "type": "image_picker",
        "id": "apple_touch_icon",
        "label": "Apple touch icon image",
        "info": "Will be scaled down to 120x120px"
      },
      {
        "type": "checkbox",
        "id": "enable_product_rich_snippets",
        "label": "Enable Product Rich Snippets",
        "default": true
      },
      {
        "type": "checkbox",
        "id": "enable_article_rich_snippets",
        "label": "Enable Article Rich Snippets",
        "default": true
      }
    ]
  }
]
