{"layout":"password","sections":{"main":{"type":"password-main","blocks":{"logo_BWT7CD":{"type":"logo","settings":{}},"announcement_qd8ThC":{"type":"announcement","settings":{}},"email_signup_yWRPnk":{"type":"email-signup","settings":{}},"custom_liquid_8Hcmqe":{"type":"custom-liquid","disabled":true,"settings":{"custom_liquid":""}},"password_GqyVmP":{"type":"password","settings":{}}},"block_order":["logo_BWT7CD","announcement_qd8ThC","email_signup_yWRPnk","custom_liquid_8Hcmqe","password_GqyVmP"],"settings":{"logo":"shopify:\/\/shop_images\/Link_IMG_3655_png.png","logo-size":150,"logo-size-mobile":100,"announcement-text":"JOIN EMAIL LIST FOR EARLY ACCESS","pass-background":"color","pass-background-color":"#ffffff","margin-top":10,"margin-bottom":15,"pass-text-color":"#000000","pass-button-color":"#ffffff","pass-button-bg":"#000000","popup-bg":"#ffffff"}}},"order":["main"]}